analysis,metric,value,unit_or_note
point_refit_200,mean_pooled_ols_rmse,0.573505,HbA1c percentage points
point_refit_200,mean_hard_age_ols_rmse,0.577028,HbA1c percentage points
point_refit_200,mean_hard_minus_pooled_rmse,0.003523,HbA1c percentage points
point_refit_200,hard_age_worse_share,0.91,proportion
psu_grouped_200,mean_hard_minus_pooled_rmse,0.003935,HbA1c percentage points
psu_grouped_200,hard_age_worse_share,0.985,proportion
calibration_200,global_mean_age_spread,7.40,percentage points
calibration_200,age_mondrian_mean_age_spread,4.27,percentage points
calibration_200,glucose_mondrian_mean_age_spread,2.51,percentage points
calibration_200,predicted_hba1c_bins_mean_age_spread,4.18,percentage points
fixed_forward_bootstrap,spread_change_age_mondrian_minus_global,-2.66,percentage points
fixed_forward_bootstrap,spread_change_95_low,-6.15,percentage points
fixed_forward_bootstrap,spread_change_95_high,0.32,percentage points
fixed_forward_bootstrap,min_coverage_change,-0.33,percentage points
fixed_forward_bootstrap,min_coverage_change_95_low,-1.75,percentage points
fixed_forward_bootstrap,min_coverage_change_95_high,2.30,percentage points
survey_forward,weighted_citl,-0.0122,observed minus predicted
survey_forward,weighted_citl_se,0.0154,standard error
case_mix,observed_forward_rmse,0.5677,HbA1c percentage points
case_mix,source_composition_standardized_forward_rmse,0.5988,HbA1c percentage points
raw_vs_bridged_tg_ols,bridged_rmse,0.56769595,HbA1c percentage points
raw_vs_bridged_tg_ols,raw_rmse,0.56770187,HbA1c percentage points
calibration_age_coverage_200,global_20_39_mean,0.9608208955,proportion
calibration_age_coverage_200,global_20_39_p2_5,0.9402985075,proportion
calibration_age_coverage_200,global_20_39_p97_5,0.9761194030,proportion
calibration_age_coverage_200,global_40_64_mean,0.8974023275,proportion
calibration_age_coverage_200,global_40_64_p2_5,0.8752909393,proportion
calibration_age_coverage_200,global_40_64_p97_5,0.9185993350,proportion
calibration_age_coverage_200,global_65plus_mean,0.8868074866,proportion
calibration_age_coverage_200,global_65plus_p2_5,0.8673796791,proportion
calibration_age_coverage_200,global_65plus_p97_5,0.9112566845,proportion
calibration_age_coverage_200,age_mondrian_20_39_mean,0.8998656716,proportion
calibration_age_coverage_200,age_mondrian_20_39_p2_5,0.8611940299,proportion
calibration_age_coverage_200,age_mondrian_20_39_p97_5,0.9403358209,proportion
calibration_age_coverage_200,age_mondrian_40_64_mean,0.9091354946,proportion
calibration_age_coverage_200,age_mondrian_40_64_p2_5,0.8744804655,proportion
calibration_age_coverage_200,age_mondrian_40_64_p97_5,0.9360141313,proportion
calibration_age_coverage_200,age_mondrian_65plus_mean,0.9295668449,proportion
calibration_age_coverage_200,age_mondrian_65plus_p2_5,0.8854812834,proportion
calibration_age_coverage_200,age_mondrian_65plus_p97_5,0.9594919786,proportion
calibration_age_coverage_200,glucose_mondrian_20_39_mean,0.9203656716,proportion
calibration_age_coverage_200,glucose_mondrian_20_39_p2_5,0.8820522388,proportion
calibration_age_coverage_200,glucose_mondrian_20_39_p97_5,0.9492537313,proportion
calibration_age_coverage_200,glucose_mondrian_40_64_mean,0.8957938487,proportion
calibration_age_coverage_200,glucose_mondrian_40_64_p2_5,0.8678304239,proportion
calibration_age_coverage_200,glucose_mondrian_40_64_p97_5,0.9168952618,proportion
calibration_age_coverage_200,glucose_mondrian_65plus_mean,0.9040641711,proportion
calibration_age_coverage_200,glucose_mondrian_65plus_p2_5,0.8759358289,proportion
calibration_age_coverage_200,glucose_mondrian_65plus_p97_5,0.9240909091,proportion
calibration_age_coverage_200,predicted_hba1c_20_39_mean,0.9022388060,proportion
calibration_age_coverage_200,predicted_hba1c_20_39_p2_5,0.8567164179,proportion
calibration_age_coverage_200,predicted_hba1c_20_39_p97_5,0.9388432836,proportion
calibration_age_coverage_200,predicted_hba1c_40_64_mean,0.8940897756,proportion
calibration_age_coverage_200,predicted_hba1c_40_64_p2_5,0.8636533666,proportion
calibration_age_coverage_200,predicted_hba1c_40_64_p97_5,0.9210515378,proportion
calibration_age_coverage_200,predicted_hba1c_65plus_mean,0.9324278075,proportion
calibration_age_coverage_200,predicted_hba1c_65plus_p2_5,0.9101069519,proportion
calibration_age_coverage_200,predicted_hba1c_65plus_p97_5,0.9508556150,proportion
